<?xml version="1.0" encoding="UTF-8" standalone="yes"?>
<addon id="plugin.video.turbocider" name="TCFA" version="1.0.9" provider-name="TCFA">
  <requires>
    <import addon="xbmc.python" version="2.1.0"/>
	
  </requires>
  <extension point="xbmc.python.pluginsource" library="default.py">
        <provides>video</provides>
  </extension>
  <extension point="xbmc.addon.metadata">
    <summary lang="en">TCFA - Join us on facebook:
https://www.facebook.com/groups/538458883287135</summary>
    <description lang="en">TCFA - facebook group, turbo ciders for all</description>
    <platform>all</platform>
  </extension>
</addon>
